Width,Height,Conversion Time (seconds)
100,100,0.12041926383972168
500,500,1.4962918758392334
1000,1000,6.187245845794678
2500,2500,38.829460859298706
